start_time,end_time,category,selected_image,jitter_var,correct,target,distractor
0.052,2.516,2,1,"[(1.15, -10), (1.15, -10), (1.0, 10), (1.02, 5)]",True,img7,img10
3.088,4.372,2,1,"[(0.9, -5), (1.02, -5), (1.02, 5), (0.85, -5)]",True,img10,img7
5.018,6.314,1,2,"[(1.18, 0), (0.86, -10), (1.19, 10), (0.95, 0)]",True,img7,img8
6.888,8.03,4,0,"[(0.88, -5), (0.99, 10), (1.19, 10), (0.99, -5)]",False,img1,img3
9.988,11.172,5,0,"[(0.98, 0), (1.05, 5), (0.82, 10), (0.91, 10)]",True,img1,img5
11.75,13.464,5,2,"[(0.91, 10), (1.11, -10), (1.12, 5), (1.16, 5)]",False,img2,img3
20.005,21.447,5,0,"[(1.04, -5), (1.12, 0), (0.88, -10), (0.83, 0)]",True,img5,img6
22.009,23.928,2,1,"[(1.19, -10), (1.04, 5), (0.98, 5), (0.83, -5)]",True,img8,img5
24.563,25.979,4,3,"[(1.11, 10), (0.8, 10), (1.05, 10), (0.8, -10)]",True,img10,img9
26.646,29.478,4,1,"[(0.98, 10), (1.17, -5), (1.17, 0), (0.94, 5)]",True,img4,img8
30.101,31.515,5,0,"[(0.83, 0), (0.86, 10), (1.12, 0), (1.02, -5)]",True,img10,img9
32.541,33.708,5,0,"[(0.97, -10), (0.95, 0), (1.14, -10), (1.19, 0)]",True,img9,img6
34.637,36.55,2,0,"[(1.06, -5), (1.04, 0), (0.83, 5), (0.98, 0)]",True,img5,img9
37.829,38.705,1,3,"[(0.85, 0), (0.93, 5), (0.89, -5), (0.95, -10)]",False,img4,img7
40.821,41.499,2,2,"[(1.02, -10), (1.19, 10), (0.8, 10), (1.11, -10)]",False,img8,img6
54.966,56.699,4,1,"[(0.83, 10), (0.92, 0), (1.05, -10), (0.88, -5)]",False,img10,img7
58.261,59.989,1,0,"[(1.04, 10), (1.15, -5), (0.93, -10), (0.8, -5)]",True,img8,img9
60.901,62.724,1,1,"[(1.03, -5), (0.87, 5), (1.11, 10), (0.95, 0)]",False,img5,img4
97.395,98.794,5,3,"[(1.16, -10), (0.98, -10), (0.82, 0), (1.13, 10)]",True,img5,img3
101.744,103.897,1,0,"[(0.94, 5), (1.06, -5), (0.81, -5), (1.13, 0)]",True,img1,img8
106.446,107.373,5,3,"[(0.89, -10), (0.99, 10), (1.16, 10), (1.05, -10)]",False,img8,img10
108.96,110.984,5,3,"[(1.12, -5), (1.1, -10), (1.01, -10), (0.84, 5)]",True,img3,img4
111.577,113.724,2,0,"[(0.84, 0), (0.99, -5), (0.81, -5), (0.91, 5)]",False,img4,img5
115.29,116.108,2,1,"[(0.94, -5), (1.14, 10), (1.06, 10), (1.19, 5)]",False,img7,img2
117.691,118.636,4,2,"[(1.09, 10), (1.19, 5), (0.88, -10), (0.89, 10)]",True,img5,img3
119.215,120.817,2,0,"[(0.94, 0), (0.96, -10), (1.2, 5), (0.99, 5)]",True,img8,img2
121.784,122.765,5,0,"[(0.82, 0), (1.2, 10), (0.96, 10), (0.95, -5)]",True,img6,img4
123.794,125.149,1,0,"[(0.85, -10), (1.11, -5), (0.91, -5), (0.98, 5)]",False,img2,img3
126.704,127.369,1,1,"[(0.82, 10), (1.17, 5), (1.15, 0), (1.16, 0)]",False,img3,img9
131.069,134.08,2,1,"[(0.96, -5), (1.09, 0), (0.92, 0), (0.91, -10)]",False,img7,img5
135.664,137.057,1,1,"[(1.14, 10), (1.12, -5), (0.84, 0), (1.07, 5)]",True,img7,img1
137.638,139.634,2,2,"[(0.87, 0), (1.1, 0), (0.99, -10), (0.84, 5)]",True,img5,img4
140.398,141.723,2,0,"[(1.04, 5), (1.19, 10), (1.11, 5), (0.86, -5)]",True,img8,img10
142.553,143.974,1,1,"[(1.2, 5), (0.91, 0), (0.82, 5), (1.14, 5)]",True,img3,img7
144.862,145.969,1,2,"[(0.96, 5), (0.89, 0), (0.83, 10), (1.17, 10)]",False,img2,img1
147.55,148.566,4,3,"[(1.19, -10), (1.13, 5), (1.03, -5), (0.91, 0)]",True,img2,img9
154.655,156.739,1,0,"[(0.91, -5), (1.19, -10), (0.86, 10), (1.07, -10)]",True,img7,img6
157.684,159.482,5,1,"[(1.08, 5), (1.17, -10), (1.16, 10), (0.82, 5)]",True,img1,img6
160.517,161.582,5,1,"[(0.95, 5), (1.05, 5), (1.12, 10), (0.96, -5)]",True,img9,img2
162.67,165.114,1,1,"[(1.03, 5), (1.15, 5), (0.89, -5), (0.85, -10)]",True,img10,img2
166.099,167.494,4,1,"[(0.98, 5), (0.93, 5), (0.98, 10), (0.89, -10)]",True,img7,img6
168.422,170.788,4,2,"[(1.17, -10), (1.06, 0), (1.15, 0), (1.13, -10)]",True,img3,img6
172.958,173.679,5,1,"[(1.14, 5), (0.88, 10), (0.96, -5), (1.0, 0)]",True,img3,img9
176.628,178.93,1,2,"[(1.07, -10), (0.83, 10), (1.05, 0), (0.92, -5)]",True,img10,img6
179.848,180.678,5,1,"[(1.04, -5), (0.93, 0), (1.09, 0), (0.87, -5)]",True,img7,img1
181.425,182.483,5,3,"[(1.01, 5), (1.2, 5), (0.94, 10), (1.18, 0)]",True,img3,img2
187.941,188.944,5,3,"[(0.87, 5), (1.08, -10), (0.83, -5), (1.01, -5)]",True,img3,img5
189.634,191.369,2,3,"[(0.9, 0), (0.8, -5), (0.87, 5), (1.06, 0)]",True,img1,img4
201.383,201.456,5,3,"[(0.82, 5), (0.9, -10), (1.03, -10), (1.2, 5)]",True,img7,img10
207.033,207.904,1,0,"[(1.13, 5), (1.04, -10), (0.82, 10), (0.93, 10)]",False,img8,img10
210.126,210.166,5,3,"[(0.8, -5), (0.91, 0), (0.92, -5), (1.16, 5)]",False,img10,img3
211.724,214.685,5,2,"[(0.91, 5), (1.16, 10), (1.18, -10), (0.85, 10)]",True,img3,img8
219.965,221.075,1,2,"[(0.84, 0), (0.95, 10), (1.19, 10), (0.91, -5)]",False,img9,img5
222.676,224.797,2,1,"[(0.96, 5), (1.16, 10), (0.86, 10), (0.84, 0)]",True,img8,img9
225.592,226.598,1,1,"[(1.04, -10), (0.97, 10), (0.92, 5), (1.07, -5)]",True,img1,img7
227.188,228.529,2,1,"[(1.05, 0), (0.93, -10), (0.9, -10), (0.86, 0)]",True,img6,img4
229.561,231.324,4,1,"[(1.09, 10), (1.15, -5), (0.87, 5), (0.95, -5)]",True,img8,img1
232.277,233.243,4,2,"[(1.2, -5), (1.02, 5), (1.11, 0), (1.19, 10)]",False,img9,img6
234.812,235.768,2,1,"[(1.01, -10), (1.1, 0), (1.13, 5), (0.86, 10)]",False,img2,img1
237.887,239.586,4,1,"[(1.08, 10), (0.87, 10), (0.82, 0), (0.99, -10)]",False,img4,img7
246.958,247.458,2,2,"[(1.16, -10), (0.96, 10), (1.12, 0), (0.89, 5)]",True,img8,img4
249.692,251.419,4,2,"[(0.99, -10), (0.87, 5), (0.96, 0), (0.89, 0)]",True,img10,img8
252.321,254.309,2,3,"[(0.99, -5), (0.81, 0), (0.92, 0), (0.83, -10)]",False,img2,img8
255.859,257.817,2,2,"[(0.82, -10), (0.89, 10), (1.0, -5), (1.02, 5)]",True,img1,img8
258.469,260.139,4,0,"[(1.16, 0), (0.99, 5), (1.06, -5), (0.82, 0)]",True,img6,img10
265.548,266.629,5,3,"[(1.03, 5), (0.85, -5), (0.86, 5), (1.07, 5)]",True,img2,img1
273.543,274.019,2,0,"[(1.02, 10), (1.11, -5), (0.81, -10), (1.01, 0)]",False,img6,img9
280.695,282.128,1,2,"[(1.04, -5), (1.13, -10), (1.13, -10), (0.84, 0)]",False,img8,img6
283.691,284.599,5,1,"[(0.99, 10), (0.98, 5), (1.12, 0), (0.81, -10)]",True,img3,img6
285.506,286.935,1,3,"[(0.91, -10), (0.82, 0), (0.98, -10), (1.19, -10)]",True,img9,img10
287.877,287.917,2,3,"[(0.88, -5), (0.85, 0), (1.05, -5), (1.18, 0)]",False,img3,img7
289.479,292.218,5,3,"[(1.1, 10), (1.12, 5), (0.83, -5), (0.86, -10)]",True,img5,img2
293.012,295.298,5,2,"[(0.87, 0), (0.82, -5), (1.18, 10), (0.92, 10)]",False,img5,img4
296.869,298.868,4,2,"[(1.11, -10), (1.1, -10), (1.06, -5), (1.0, 5)]",True,img10,img5
302.035,303.436,4,3,"[(1.19, -10), (0.95, 10), (1.08, 0), (0.83, -10)]",False,img3,img4
305.0,307.483,4,3,"[(1.09, 10), (1.19, 10), (1.02, -10), (1.13, 5)]",True,img6,img1
308.075,309.775,4,2,"[(1.2, -10), (0.94, -10), (0.91, 5), (1.13, -5)]",False,img1,img2
311.36,313.542,2,1,"[(1.02, -5), (1.17, 10), (0.92, 10), (0.97, 0)]",True,img3,img10
314.483,315.243,4,1,"[(1.11, 10), (0.92, 5), (1.17, 10), (1.13, -10)]",False,img7,img4
321.385,321.62,4,0,"[(1.05, -5), (1.1, -10), (1.0, -10), (0.91, -5)]",False,img5,img7
323.22,323.299,2,1,"[(0.85, -5), (1.13, 0), (0.87, -5), (0.93, -5)]",False,img9,img8
324.86,326.867,2,2,"[(0.93, -5), (1.13, -5), (1.14, 10), (1.02, -5)]",True,img7,img1
331.893,334.25,1,3,"[(0.81, -10), (1.2, 10), (1.05, 5), (1.02, 0)]",True,img10,img4
334.993,337.596,5,2,"[(1.15, -5), (0.98, 5), (1.07, -10), (0.87, 0)]",True,img8,img4
338.46,339.495,1,2,"[(0.81, -10), (1.0, 0), (0.95, -5), (0.98, -10)]",True,img6,img8
340.608,342.155,4,1,"[(1.04, 0), (0.86, 5), (1.07, 5), (0.99, 0)]",False,img1,img6
344.194,346.068,5,2,"[(1.13, 10), (1.0, 10), (0.91, 0), (0.99, 0)]",False,img1,img2
347.634,348.597,2,2,"[(1.05, -5), (0.97, 5), (0.83, -5), (1.08, 0)]",True,img1,img3
349.364,351.281,2,1,"[(0.98, 5), (0.94, -5), (0.84, -10), (0.8, 0)]",False,img7,img4
353.291,355.104,4,1,"[(1.15, -10), (1.06, 10), (0.81, 5), (1.15, -10)]",True,img7,img5
356.101,357.568,1,2,"[(0.96, -5), (0.94, -10), (1.11, 5), (1.08, 5)]",False,img4,img2
359.701,360.028,4,1,"[(0.82, -10), (1.16, 5), (1.16, -10), (1.17, -5)]",False,img7,img10
361.599,363.461,4,0,"[(0.88, -5), (0.95, -10), (0.97, 5), (1.08, -5)]",True,img8,img4
364.454,366.643,1,3,"[(0.96, -10), (0.84, 10), (1.06, 5), (1.18, -10)]",False,img7,img5
368.221,370.349,1,2,"[(1.03, 10), (0.88, -5), (0.81, -5), (1.19, 10)]",False,img3,img5
371.899,373.917,2,1,"[(1.1, 0), (1.03, -5), (0.81, -5), (1.04, 10)]",True,img8,img7
374.891,375.934,2,2,"[(1.02, 10), (0.94, -5), (1.08, 5), (0.82, 0)]",True,img1,img9
376.495,377.668,5,1,"[(0.92, 5), (1.13, 0), (0.85, -10), (1.06, 0)]",True,img4,img8
378.387,379.26,5,2,"[(1.18, 0), (0.9, 5), (0.88, 0), (0.96, 0)]",True,img7,img6
379.926,381.087,2,0,"[(0.81, 5), (0.82, -10), (1.01, -5), (1.05, -10)]",True,img10,img2
381.777,383.487,2,1,"[(0.95, -10), (1.06, 5), (1.08, 5), (1.04, 0)]",True,img10,img5
384.051,386.214,5,0,"[(0.96, -5), (1.18, -5), (1.0, 10), (1.07, 10)]",True,img2,img8
386.973,389.564,4,0,"[(1.18, -10), (0.81, 10), (1.12, -5), (0.95, 0)]",True,img3,img7
390.443,391.994,2,1,"[(0.98, 10), (0.97, 10), (1.03, -5), (1.05, -10)]",True,img5,img6
392.555,394.095,2,0,"[(0.92, 10), (1.18, 10), (0.94, 5), (1.06, -10)]",True,img2,img6
394.954,396.148,4,1,"[(1.15, -5), (0.89, -5), (1.13, 0), (0.91, -10)]",True,img2,img6
397.143,397.23,4,1,"[(0.86, -5), (1.17, 0), (1.1, 5), (1.18, 0)]",True,img8,img7
397.773,400.748,1,3,"[(1.0, -5), (1.19, 5), (1.09, 10), (1.04, 10)]",False,img3,img2
402.318,404.163,2,3,"[(0.9, 10), (0.91, 0), (1.0, 5), (1.2, 5)]",True,img6,img1
404.722,405.542,5,1,"[(0.81, -10), (1.02, -10), (0.85, 5), (0.8, -5)]",True,img7,img8
406.562,407.755,5,3,"[(1.13, -10), (1.06, 10), (1.0, 0), (1.0, -5)]",True,img4,img9
408.385,410.351,2,1,"[(1.18, -5), (1.02, -10), (1.14, 10), (0.89, -10)]",True,img4,img3
411.359,413.584,4,3,"[(0.84, -10), (0.99, 10), (1.13, 10), (1.02, 5)]",True,img3,img1
414.647,414.912,4,1,"[(0.95, 0), (1.19, 10), (1.19, -10), (0.83, 0)]",False,img9,img8
416.485,418.629,2,2,"[(0.88, 5), (0.91, 0), (1.0, -10), (0.92, 10)]",True,img9,img1
419.206,421.138,4,0,"[(1.17, 0), (0.97, -10), (1.0, 0), (1.01, 10)]",False,img1,img9
423.604,424.782,2,3,"[(1.08, -10), (1.08, -5), (1.1, -10), (0.99, -10)]",True,img10,img8
425.445,427.29,5,3,"[(1.11, 10), (0.9, 5), (0.88, 10), (1.17, -5)]",True,img6,img10
427.902,429.617,5,3,"[(0.93, -10), (0.92, -10), (1.12, -5), (1.03, 10)]",True,img5,img8
430.2,431.668,1,0,"[(0.84, -5), (0.9, 5), (1.14, 5), (0.89, -10)]",True,img1,img10
432.241,433.733,5,1,"[(0.84, -10), (0.87, 5), (0.8, -5), (1.13, 0)]",False,img1,img8
435.282,437.15,5,3,"[(1.09, 10), (0.87, -10), (1.08, -10), (0.89, 5)]",True,img6,img8
437.712,439.237,4,0,"[(0.9, -10), (0.97, 0), (0.93, 0), (0.84, 0)]",True,img8,img9
439.79,442.435,2,0,"[(0.96, 5), (1.13, 10), (1.05, -5), (1.17, 10)]",True,img3,img5
443.376,446.065,1,3,"[(0.93, 5), (1.01, 5), (0.88, 5), (1.09, 0)]",True,img5,img1
447.181,449.678,4,3,"[(1.03, 5), (1.08, 10), (1.11, -5), (1.19, 10)]",True,img9,img7
452.431,453.926,4,3,"[(1.13, 10), (1.16, -10), (0.94, 0), (0.81, -5)]",True,img5,img2
454.506,456.13,2,3,"[(1.08, 0), (1.0, -10), (1.15, 10), (0.91, 5)]",True,img10,img3
461.265,463.267,4,0,"[(1.01, 10), (1.05, 10), (0.92, 0), (1.02, -10)]",True,img2,img1
464.65,465.635,5,1,"[(1.12, 10), (0.82, -5), (1.07, -5), (1.11, 10)]",True,img7,img2
466.676,467.468,1,1,"[(0.98, 0), (1.13, -10), (1.13, 5), (0.96, 0)]",True,img4,img6
469.103,471.497,1,3,"[(0.85, 0), (0.94, 10), (0.91, -5), (0.97, -5)]",True,img5,img7
472.148,472.174,5,3,"[(0.8, 0), (0.99, 5), (1.13, -10), (1.19, 0)]",True,img4,img6
475.168,477.659,4,2,"[(0.84, 5), (0.86, 10), (1.0, 5), (0.82, -10)]",True,img5,img9
478.413,479.975,1,3,"[(1.05, -5), (1.19, 5), (1.13, 10), (1.12, 0)]",False,img7,img10
481.544,483.053,1,2,"[(0.99, 0), (1.19, 10), (1.04, 0), (1.17, -5)]",True,img4,img5
483.606,484.964,4,0,"[(1.19, 0), (0.83, -5), (0.95, -5), (1.2, -5)]",True,img9,img2
485.932,487.683,5,0,"[(0.99, -5), (1.12, 5), (1.09, -10), (1.09, -5)]",True,img10,img7
494.593,495.758,5,2,"[(1.2, 10), (0.92, -5), (0.91, -5), (0.89, 5)]",True,img7,img9
496.362,498.112,1,1,"[(1.05, -5), (0.81, 5), (0.83, 10), (1.07, 5)]",True,img9,img2
499.019,500.698,4,3,"[(0.95, 0), (0.86, 5), (1.0, -5), (0.92, 10)]",True,img8,img3
501.289,501.752,2,1,"[(0.99, 10), (1.18, 0), (1.15, -5), (0.87, 5)]",False,img1,img2
503.323,504.703,1,1,"[(0.91, -5), (1.08, 10), (1.09, 0), (0.99, 5)]",True,img8,img5
505.603,506.649,5,3,"[(0.96, 0), (0.88, -10), (1.08, -10), (1.0, 10)]",False,img5,img7
509.471,510.492,1,3,"[(1.09, 5), (1.11, 5), (1.0, 10), (0.86, 5)]",True,img9,img1
511.159,512.725,4,2,"[(0.82, -10), (1.02, 10), (1.1, 10), (0.84, -10)]",True,img4,img9
514.176,515.981,5,0,"[(1.07, 10), (0.92, 10), (1.08, 0), (1.13, 0)]",True,img2,img7
516.993,518.595,5,1,"[(1.16, 5), (1.11, 0), (1.02, -5), (0.8, 10)]",True,img4,img7
519.572,520.768,2,1,"[(1.08, 0), (0.83, 0), (0.84, -10), (0.99, -5)]",True,img1,img10
521.866,523.186,2,0,"[(0.86, 0), (1.02, 5), (1.02, -10), (1.16, -5)]",False,img4,img6
524.758,526.072,5,1,"[(1.12, 5), (0.87, 5), (0.94, -10), (0.84, -10)]",True,img1,img7
527.073,528.303,4,0,"[(0.95, -5), (1.03, -10), (1.19, -10), (0.9, 10)]",True,img4,img3
529.096,530.432,4,1,"[(0.8, -10), (0.97, 0), (1.15, -5), (1.07, 0)]",False,img9,img4
531.997,534.558,4,3,"[(0.85, 0), (1.12, 10), (1.05, 0), (1.12, 5)]",False,img3,img9
536.132,537.166,4,0,"[(1.15, 0), (0.91, -5), (1.15, 0), (0.82, 10)]",True,img3,img2
538.137,539.034,5,2,"[(0.96, -10), (0.95, -10), (0.87, -10), (1.09, 10)]",True,img8,img1
539.583,540.857,5,2,"[(1.06, -10), (0.82, 0), (0.94, -5), (1.06, -5)]",True,img10,img4
545.642,545.672,4,2,"[(1.11, 0), (1.05, 10), (1.16, 0), (1.05, 5)]",False,img7,img1
547.246,549.039,1,0,"[(1.01, 5), (1.1, 0), (0.86, -5), (1.2, 10)]",False,img10,img9
550.592,552.072,5,1,"[(0.89, 5), (0.98, 5), (1.1, 5), (0.93, 5)]",True,img1,img4
553.049,554.127,2,0,"[(1.06, -10), (1.02, -5), (1.14, -10), (1.11, 0)]",True,img5,img3
557.019,558.457,2,1,"[(1.07, -10), (1.03, 5), (0.93, 5), (1.02, -5)]",True,img3,img2
559.42,561.557,1,3,"[(1.14, 10), (0.94, 0), (1.03, -5), (0.91, -5)]",False,img6,img2
563.118,564.041,5,3,"[(1.14, 5), (1.11, -5), (0.88, -5), (1.12, -10)]",True,img9,img10
565.101,566.965,1,3,"[(0.94, -10), (1.13, 10), (1.18, -10), (0.94, -5)]",True,img1,img3
568.06,570.302,2,0,"[(0.97, 5), (0.88, -10), (1.08, 0), (1.08, -10)]",False,img5,img7
575.258,576.413,2,0,"[(1.14, -5), (0.99, -5), (0.9, 10), (1.01, -5)]",True,img1,img7
577.427,579.265,1,2,"[(0.92, -10), (1.12, 5), (0.9, -5), (0.92, -5)]",False,img3,img8
580.827,582.09,1,2,"[(1.03, 0), (0.97, -10), (0.9, 5), (1.04, 5)]",True,img6,img5
583.096,585.525,1,1,"[(1.08, -10), (1.0, -5), (1.18, 10), (0.88, -5)]",True,img3,img6
586.604,589.256,4,3,"[(0.95, 5), (0.83, 0), (1.12, -10), (0.88, 0)]",False,img6,img3
591.25,592.519,2,0,"[(1.06, -10), (1.15, 0), (0.92, 10), (1.05, -5)]",True,img2,img9
593.484,594.777,4,3,"[(0.84, 10), (1.14, -5), (0.87, -10), (0.93, 10)]",True,img2,img7
595.334,597.786,4,2,"[(0.82, -5), (0.9, -10), (1.17, -5), (1.06, -10)]",True,img5,img1
603.152,604.943,1,3,"[(0.98, -5), (0.94, 5), (0.94, -10), (0.85, -5)]",True,img4,img1
605.628,606.84,4,3,"[(0.83, 5), (1.13, 5), (1.14, 5), (0.89, -5)]",True,img7,img8
609.911,611.029,5,1,"[(1.2, -10), (0.86, 5), (0.89, 5), (0.81, 5)]",True,img2,img6
611.735,613.573,1,3,"[(0.99, -10), (0.96, -5), (0.8, 0), (1.17, -10)]",False,img5,img10
615.676,617.039,4,1,"[(1.19, 5), (0.92, 10), (1.09, -5), (1.1, -5)]",True,img4,img10
617.776,619.667,4,3,"[(1.14, -10), (1.19, 5), (0.88, -5), (0.84, 0)]",False,img5,img4
621.23,623.25,4,3,"[(0.82, 5), (1.1, -10), (0.87, -5), (1.19, -10)]",False,img4,img1
625.291,626.414,4,3,"[(1.18, 0), (1.06, -10), (1.1, 10), (0.85, 0)]",True,img8,img10
627.594,629.809,5,3,"[(1.06, -5), (0.99, -10), (0.97, -10), (1.05, -5)]",True,img1,img9
630.611,632.669,1,1,"[(1.2, 5), (1.06, -10), (0.82, 0), (0.98, -10)]",False,img10,img8
639.791,640.666,4,2,"[(0.85, 10), (1.02, -10), (1.1, 5), (1.08, 10)]",True,img10,img6
644.001,645.432,4,1,"[(1.05, 10), (0.89, -10), (0.88, -5), (1.12, 0)]",False,img10,img3
646.994,649.043,4,2,"[(1.05, 5), (1.04, 0), (0.92, -10), (1.01, -5)]",True,img3,img10
649.632,651.092,1,2,"[(0.93, 5), (1.01, -5), (1.08, -10), (1.18, 10)]",True,img4,img9
651.786,653.635,1,0,"[(1.15, -10), (1.12, 0), (1.03, 10), (0.84, -5)]",True,img3,img1
654.969,656.337,5,2,"[(1.19, 10), (0.93, 5), (0.89, 10), (1.02, 5)]",True,img2,img4
656.908,659.403,4,1,"[(1.13, -5), (0.94, 5), (1.12, -5), (0.82, 0)]",True,img7,img9
660.428,661.739,1,1,"[(1.05, -10), (1.01, -5), (0.85, -5), (0.97, 10)]",True,img9,img6
662.626,664.367,5,2,"[(0.85, -10), (1.0, 5), (1.03, -5), (1.12, 10)]",True,img4,img5
664.939,667.059,5,1,"[(1.18, 5), (1.04, -10), (1.12, 0), (0.84, 0)]",False,img5,img10
668.649,670.252,1,0,"[(0.85, -5), (0.81, -10), (0.97, -5), (0.84, 10)]",True,img5,img8
671.189,673.037,4,3,"[(0.9, -10), (0.94, 5), (1.11, 10), (0.93, 10)]",True,img6,img7
673.729,674.974,2,1,"[(0.94, 5), (1.06, 5), (1.16, 0), (0.88, -5)]",True,img5,img10
675.861,678.699,1,3,"[(0.91, 0), (1.09, -10), (1.02, -5), (1.05, 5)]",False,img5,img2
684.058,686.281,2,3,"[(0.9, -10), (0.99, -10), (1.1, -10), (1.06, 10)]",True,img4,img1
687.199,688.825,1,1,"[(0.83, 5), (0.93, -5), (1.1, -10), (0.91, 10)]",True,img4,img3
690.023,691.849,5,0,"[(1.17, 5), (0.94, 10), (1.14, 10), (0.81, -5)]",True,img10,img6
692.938,695.052,2,0,"[(1.15, 0), (0.99, 0), (1.0, 10), (1.13, 5)]",True,img9,img10
699.403,700.897,5,2,"[(0.82, 10), (1.11, -10), (0.84, -10), (0.85, -5)]",True,img9,img8
701.464,703.882,1,3,"[(1.03, 10), (1.07, 5), (1.13, -5), (1.0, -10)]",True,img10,img3
704.561,705.976,5,3,"[(0.91, -10), (0.95, -10), (1.04, 10), (0.87, 0)]",True,img9,img7
706.919,707.844,2,0,"[(0.93, -10), (0.94, 0), (0.99, 0), (0.89, -5)]",False,img6,img5
710.255,711.828,2,2,"[(0.98, 0), (0.87, 10), (0.85, 0), (1.04, 10)]",True,img7,img8
713.87,715.76,4,0,"[(1.16, 5), (0.88, 0), (1.14, 5), (1.13, 10)]",True,img9,img1
722.581,723.291,1,3,"[(1.12, 0), (0.88, 0), (0.86, 10), (1.17, 0)]",False,img4,img8
725.964,727.814,2,3,"[(0.97, -5), (0.89, 5), (0.95, -10), (0.92, 5)]",False,img4,img10
1043.4,1045.134,4,3,"[(1.09, -10), (1.17, -5), (1.13, -5), (1.01, 0)]",True,img6,img9
1046.108,1047.723,1,0,"[(1.12, 5), (1.08, 10), (1.18, -10), (0.88, -5)]",True,img2,img7
1048.281,1049.867,1,3,"[(1.05, -10), (0.92, 10), (0.99, 0), (1.09, 0)]",True,img2,img8
1050.737,1052.094,2,0,"[(0.93, 0), (1.11, 0), (1.17, 5), (1.13, -10)]",True,img9,img3
1053.115,1054.122,5,1,"[(0.97, 10), (1.03, 0), (0.87, -5), (0.85, 5)]",True,img2,img5
1054.714,1056.26,5,3,"[(0.94, 10), (0.87, -5), (1.0, 5), (1.2, -5)]",True,img4,img3
1060.771,1062.548,2,3,"[(1.1, 0), (0.85, 5), (0.94, 10), (0.98, -10)]",True,img6,img10
1063.588,1065.464,4,2,"[(0.96, -10), (1.08, -5), (1.18, -5), (1.01, 5)]",True,img2,img3
1066.539,1068.364,2,0,"[(1.04, -5), (1.02, 0), (0.9, -5), (0.91, 5)]",True,img8,img3
1069.259,1069.304,5,3,"[(1.11, -10), (0.98, 0), (1.02, 5), (1.2, 5)]",True,img4,img10
1069.853,1072.62,5,1,"[(0.84, -5), (0.93, 10), (0.91, -10), (0.82, 5)]",True,img6,img9
1073.521,1075.746,2,1,"[(1.08, 0), (0.81, -5), (0.9, 10), (0.84, 10)]",True,img1,img5
1076.482,1077.345,5,1,"[(0.82, 0), (1.08, -10), (1.17, -10), (0.82, 10)]",True,img7,img3
1078.253,1079.67,2,0,"[(0.84, 10), (0.99, -5), (1.18, -10), (1.2, -5)]",True,img10,img1
1080.227,1081.811,1,3,"[(1.14, -5), (1.1, 10), (0.85, -10), (0.82, 10)]",True,img1,img9
1082.365,1084.229,5,3,"[(1.04, 10), (1.08, 0), (1.19, 10), (1.04, 10)]",True,img8,img9
1084.831,1086.886,2,2,"[(1.15, 0), (1.07, 5), (1.19, 10), (1.01, -5)]",True,img3,img8
1087.47,1089.363,2,0,"[(0.95, -5), (1.1, 10), (1.17, 5), (1.03, 5)]",False,img9,img5
1091.007,1092.619,2,1,"[(1.06, 10), (0.9, 5), (0.96, -5), (1.19, 10)]",False,img4,img2
1094.185,1096.855,2,2,"[(1.14, 0), (1.12, 5), (1.19, 10), (1.09, -5)]",False,img6,img2
1098.405,1099.653,2,0,"[(0.88, 0), (1.03, -5), (0.87, 5), (0.81, 0)]",True,img2,img7
1100.63,1102.706,2,1,"[(1.19, 5), (1.14, 10), (1.04, 5), (0.82, 10)]",True,img10,img6
1103.616,1104.568,5,3,"[(1.12, 0), (0.88, 5), (0.98, -5), (1.03, 5)]",True,img8,img3
1105.467,1107.202,1,3,"[(1.19, 10), (0.88, -5), (0.98, 10), (1.08, 0)]",False,img6,img1
1108.802,1108.827,1,3,"[(0.88, -5), (1.02, -10), (1.15, -10), (1.17, 0)]",False,img7,img4
1110.387,1111.47,5,0,"[(1.1, -10), (1.02, 0), (1.13, -10), (1.19, 10)]",True,img7,img4
1119.647,1121.454,2,1,"[(1.03, 5), (1.05, 0), (1.13, 5), (1.08, -5)]",False,img9,img4
1125.395,1125.417,2,2,"[(1.18, 5), (1.19, -10), (0.9, 0), (0.86, -5)]",False,img7,img3
1129.953,1131.486,4,0,"[(1.12, 0), (0.89, 10), (0.86, -10), (0.91, -10)]",True,img1,img4
1135.471,1138.176,5,0,"[(1.11, -10), (1.03, -5), (1.01, 5), (1.17, 10)]",False,img5,img1
1139.745,1141.063,1,3,"[(0.86, 10), (0.92, 0), (1.16, 5), (0.83, 0)]",True,img6,img3
1141.866,1143.058,5,1,"[(0.83, 0), (0.93, 5), (1.0, 0), (1.17, 10)]",True,img8,img6
1143.969,1146.118,5,3,"[(0.81, 0), (1.14, -10), (1.16, -10), (1.03, -10)]",True,img6,img7
1146.763,1148.141,2,1,"[(1.04, 5), (0.96, -10), (1.12, 5), (1.01, -5)]",True,img6,img7
1148.865,1150.19,4,1,"[(1.13, 10), (1.16, 10), (1.04, -5), (0.91, -5)]",False,img8,img2
1152.174,1154.079,1,2,"[(1.12, 5), (0.88, 5), (0.83, 5), (0.99, -10)]",True,img9,img7
1154.834,1156.191,4,2,"[(1.09, 10), (0.99, 5), (0.91, 10), (1.08, 0)]",True,img4,img2
1156.78,1157.747,5,0,"[(0.87, 10), (1.0, -5), (0.99, -10), (0.96, 10)]",True,img3,img10
1158.7,1160.722,4,2,"[(1.14, -5), (1.04, -10), (1.19, -10), (1.04, 0)]",True,img6,img4
1161.657,1162.627,2,2,"[(0.88, 0), (0.89, 5), (1.03, 0), (0.96, 10)]",True,img3,img1
1163.195,1165.231,5,0,"[(1.17, 5), (1.19, 0), (0.89, 10), (0.93, -10)]",False,img4,img2
1166.799,1168.116,4,3,"[(0.81, 0), (1.13, 10), (1.19, 5), (0.84, 0)]",True,img7,img3
1168.718,1170.013,4,2,"[(1.01, -5), (1.16, -5), (0.91, -5), (1.06, 0)]",True,img8,img6
1170.707,1171.557,5,2,"[(0.92, 10), (0.85, -10), (1.15, 10), (1.18, -10)]",True,img3,img1
1172.167,1173.685,5,1,"[(1.05, 5), (0.94, 10), (1.19, -10), (1.07, 5)]",True,img8,img7
1176.757,1178.207,1,0,"[(0.92, 0), (1.0, 0), (0.82, -10), (1.03, 5)]",False,img5,img6
1179.791,1180.981,5,1,"[(0.84, 0), (1.1, 0), (1.01, -10), (0.88, 0)]",False,img9,img4
1182.944,1183.948,5,1,"[(0.86, 5), (1.07, 10), (1.01, 0), (1.14, 5)]",True,img10,img5
1184.855,1187.148,4,0,"[(0.93, 10), (1.05, -5), (0.81, 0), (0.8, -5)]",True,img4,img5
1188.112,1189.523,4,0,"[(0.9, 5), (0.91, 0), (0.82, -10), (1.19, 5)]",True,img2,img5
1190.378,1192.745,2,0,"[(0.81, -5), (0.97, -10), (0.92, 0), (0.95, 5)]",True,img2,img10
1194.244,1195.266,2,1,"[(0.93, -5), (1.18, -5), (0.93, -10), (1.07, -5)]",False,img3,img6
1196.849,1198.183,1,0,"[(1.11, -10), (1.06, 5), (1.08, -10), (0.82, -5)]",True,img8,img7
1198.854,1200.393,2,0,"[(1.12, -10), (0.88, -5), (0.97, -5), (1.11, 10)]",True,img5,img1
1205.008,1206.564,4,2,"[(1.06, 5), (1.06, 5), (1.13, 5), (1.12, 5)]",True,img10,img2
1207.125,1208.658,4,2,"[(1.01, 0), (1.09, 5), (0.85, 10), (1.05, -5)]",False,img1,img7
1210.235,1211.682,4,0,"[(0.82, -10), (0.97, 5), (0.92, 5), (0.99, 0)]",True,img5,img6
1212.251,1212.291,4,0,"[(1.16, 0), (0.88, -10), (1.0, -5), (1.01, 5)]",False,img3,img5
1213.84,1215.12,1,1,"[(1.17, 0), (1.16, 5), (0.81, 0), (1.15, 0)]",True,img1,img4
1215.698,1217.396,2,1,"[(1.06, 10), (1.04, -5), (1.17, -10), (1.0, -10)]",True,img9,img7
1223.41,1224.785,1,1,"[(1.18, -5), (1.01, 10), (1.16, -5), (1.07, -5)]",True,img4,img10
1225.745,1228.272,2,1,"[(0.86, 0), (0.88, -5), (1.05, -10), (1.12, 10)]",False,img4,img8
1229.837,1231.021,5,2,"[(1.04, 10), (1.02, 5), (1.04, 0), (1.07, 0)]",True,img6,img2
1231.572,1233.238,4,2,"[(1.0, -10), (0.94, 5), (1.2, 10), (0.93, 0)]",True,img6,img8
1234.154,1235.951,4,0,"[(1.08, 0), (1.16, 5), (1.17, 10), (0.96, -10)]",False,img2,img8
1237.529,1239.182,1,3,"[(1.06, 10), (0.8, -10), (1.19, 0), (0.98, 0)]",True,img8,img4
1240.311,1243.103,1,3,"[(1.18, 5), (0.84, -10), (0.98, 5), (0.93, -5)]",False,img6,img9
1244.693,1247.114,4,1,"[(1.0, 10), (0.9, -10), (0.83, -10), (0.94, 5)]",True,img10,img4
1249.015,1250.79,5,3,"[(0.88, 10), (1.04, 5), (0.87, 10), (0.8, 10)]",True,img9,img3
1251.465,1253.76,2,0,"[(0.88, 0), (0.98, 5), (0.85, -5), (1.01, 10)]",True,img6,img8
1254.618,1256.189,4,0,"[(0.85, 10), (1.13, -10), (1.11, 10), (1.1, 10)]",False,img6,img5
1258.197,1259.976,1,1,"[(1.15, 10), (0.95, -10), (1.11, -5), (0.95, 5)]",True,img2,img4
1261.442,1262.795,5,2,"[(0.89, -5), (1.06, 10), (1.0, 0), (0.97, -5)]",True,img6,img1
1263.353,1264.664,5,1,"[(1.04, 10), (0.9, -5), (0.83, 0), (1.02, -10)]",True,img3,img7
1265.232,1267.318,5,0,"[(0.85, 10), (1.15, 5), (1.0, 10), (1.01, -5)]",False,img6,img5
1273.489,1274.898,1,0,"[(0.92, -10), (0.81, -5), (1.14, 5), (0.88, 10)]",True,img1,img5
1276.562,1276.586,2,0,"[(1.17, 5), (0.89, -5), (1.19, -5), (0.88, 0)]",False,img4,img9
1278.161,1280.302,5,2,"[(1.19, 10), (1.05, -5), (0.89, -10), (0.99, 0)]",True,img10,img1
1281.26,1283.964,5,1,"[(0.91, 10), (1.13, -10), (0.88, 0), (1.11, -5)]",True,img8,img5
1284.71,1286.486,1,1,"[(1.06, 0), (1.02, 0), (1.17, -5), (0.91, -5)]",True,img6,img10
1287.08,1289.038,1,2,"[(0.86, -5), (1.0, 0), (0.88, -5), (0.92, 0)]",False,img9,img3
1290.61,1291.222,1,2,"[(0.82, 10), (0.87, 5), (0.95, -5), (0.94, -5)]",False,img2,img10
1292.809,1294.822,1,3,"[(1.17, 5), (1.19, 10), (1.19, 10), (0.94, 0)]",True,img10,img5
1296.06,1297.146,5,3,"[(0.99, 0), (0.99, 0), (0.83, -5), (1.04, 5)]",True,img2,img9
1297.755,1299.145,1,2,"[(0.86, 10), (0.87, -10), (1.18, -5), (1.17, -10)]",False,img6,img7
1300.701,1301.991,4,0,"[(0.91, 10), (0.82, 5), (0.97, 5), (1.05, -10)]",True,img2,img4
1303.07,1305.0,2,0,"[(0.93, 10), (1.15, 5), (1.15, 0), (0.88, -5)]",True,img2,img5
1306.006,1307.598,1,1,"[(1.13, 5), (0.94, 5), (0.87, 10), (0.97, -5)]",True,img7,img2
1308.196,1309.281,5,0,"[(0.92, 5), (1.18, -5), (0.85, -5), (0.92, 10)]",True,img6,img3
1310.384,1312.066,5,3,"[(1.04, 10), (0.88, 0), (1.02, 5), (0.83, 0)]",True,img1,img3
1312.678,1314.71,1,1,"[(0.8, 0), (1.02, 5), (1.18, -10), (1.04, 0)]",False,img2,img6
1449.832,1451.014,1,0,"[(1.05, -5), (1.07, 10), (0.88, -10), (0.99, -5)]",True,img9,img4
1455.656,1457.015,1,1,"[(1.13, 5), (1.01, 5), (1.02, -10), (0.95, 0)]",False,img9,img8
1458.583,1459.833,2,2,"[(0.98, -10), (0.98, 5), (1.19, -10), (1.13, 5)]",True,img1,img6
1461.084,1462.277,1,0,"[(0.95, 5), (0.97, 10), (1.0, -5), (0.87, -10)]",False,img3,img10
1463.841,1465.151,1,0,"[(0.83, -10), (0.88, 5), (0.99, -10), (0.98, -10)]",True,img8,img2
1465.8,1468.169,4,3,"[(0.94, 0), (0.98, -5), (1.14, 10), (1.15, 0)]",True,img1,img5
1468.824,1468.845,5,3,"[(0.87, -5), (1.04, 10), (0.82, 10), (1.19, 0)]",False,img4,img1
1470.432,1472.641,2,1,"[(1.04, -5), (1.0, 5), (0.99, -10), (1.1, -10)]",False,img9,img6
1474.237,1474.731,2,1,"[(1.09, 10), (1.12, 0), (0.82, -5), (1.16, 10)]",False,img2,img3
1476.318,1478.158,2,0,"[(0.87, -5), (0.93, 5), (1.17, 10), (1.16, -10)]",False,img5,img8
1479.727,1481.422,5,1,"[(0.82, -5), (1.11, -5), (1.17, -10), (1.18, 10)]",True,img8,img2
1482.213,1483.923,5,2,"[(1.17, 0), (1.1, 10), (1.06, -10), (1.15, -10)]",True,img10,img2
1484.678,1486.186,1,0,"[(1.08, 5), (0.91, -10), (1.16, 5), (0.88, 10)]",True,img8,img1
1487.174,1488.19,5,2,"[(1.11, -5), (0.88, -10), (1.07, -5), (1.09, -5)]",True,img7,img5
1488.759,1490.95,4,0,"[(0.81, 5), (1.06, 10), (1.11, 0), (1.13, 10)]",False,img9,img5
1496.111,1497.809,2,2,"[(1.19, -10), (1.2, -10), (0.89, 0), (0.92, 5)]",True,img7,img9
1498.926,1500.444,2,1,"[(1.17, -5), (0.98, -5), (1.1, 5), (0.98, 10)]",True,img10,img4
1501.593,1503.619,4,2,"[(0.87, 10), (0.99, 0), (0.96, -10), (1.04, -10)]",False,img1,img10
1505.198,1506.419,1,0,"[(0.89, 10), (0.99, 5), (1.09, -5), (0.86, -5)]",True,img6,img4
1507.323,1508.965,5,1,"[(0.97, -5), (1.16, -5), (0.86, 0), (0.85, 10)]",True,img1,img10
1509.903,1511.087,5,1,"[(0.96, 5), (0.8, -5), (1.07, 0), (0.95, 5)]",True,img9,img1
1512.346,1514.07,4,0,"[(0.82, 0), (1.14, 0), (1.1, 10), (0.89, 10)]",True,img9,img10
1517.131,1518.773,4,1,"[(1.2, 10), (0.81, -10), (0.9, -5), (0.97, -10)]",False,img7,img2
1520.345,1522.664,2,2,"[(0.89, 10), (1.06, 10), (1.19, -5), (1.15, 10)]",True,img6,img3
1523.297,1525.379,5,3,"[(0.96, -10), (0.97, 5), (1.19, -5), (1.11, 5)]",True,img5,img9
1526.061,1527.27,1,0,"[(0.84, 0), (0.91, -10), (1.09, 5), (0.93, 10)]",False,img7,img3
1529.324,1530.315,4,3,"[(1.18, 5), (1.14, 0), (1.11, 10), (1.15, 10)]",False,img8,img5
1531.984,1533.298,5,1,"[(0.98, 10), (0.87, 5), (1.06, -5), (0.89, 10)]",True,img10,img8
1536.697,1538.875,2,1,"[(1.01, 0), (1.04, -5), (1.02, -5), (1.16, 10)]",False,img2,img4
1540.784,1542.44,2,1,"[(1.2, 5), (1.03, -5), (1.1, 0), (0.9, -5)]",False,img3,img9
1544.006,1545.609,2,3,"[(0.86, 0), (0.95, 10), (1.11, -5), (1.06, 0)]",True,img10,img9
1546.324,1547.566,1,1,"[(1.0, 0), (0.98, -10), (0.96, -5), (1.07, 0)]",True,img3,img4
1548.481,1549.793,4,1,"[(0.96, 0), (1.05, 0), (0.9, 0), (0.83, 0)]",True,img9,img3
1550.411,1551.861,2,2,"[(1.03, 5), (1.15, 0), (1.18, -10), (1.13, 0)]",True,img3,img4
1552.417,1553.992,2,2,"[(1.07, 5), (1.08, 0), (1.09, 10), (0.99, -5)]",True,img8,img1
1554.579,1555.579,5,3,"[(0.87, 0), (1.0, 0), (1.18, 5), (1.0, -5)]",True,img2,img10
1556.147,1557.182,1,0,"[(0.99, -10), (1.03, -5), (1.06, -10), (1.13, 0)]",True,img1,img6
1557.748,1558.806,1,1,"[(1.09, 0), (0.84, 10), (0.94, 10), (0.89, 10)]",True,img1,img2
1559.796,1560.869,2,0,"[(1.04, 0), (0.83, 5), (1.14, 10), (0.84, 10)]",True,img5,img2
1561.818,1563.735,5,2,"[(0.83, -5), (0.97, 0), (0.86, -10), (1.1, 10)]",True,img9,img5
1564.709,1566.147,1,3,"[(0.94, 0), (0.96, 5), (1.02, -5), (0.82, -10)]",False,img10,img1
1567.727,1567.747,4,1,"[(1.14, 10), (1.16, 0), (0.87, -10), (0.9, 5)]",False,img5,img10
1569.331,1571.464,4,0,"[(0.88, 10), (0.97, 5), (0.83, -10), (1.13, 10)]",True,img2,img10
1572.406,1573.713,1,0,"[(1.07, 5), (0.95, 5), (1.12, -10), (1.15, 0)]",True,img8,img3
1576.631,1578.238,4,3,"[(1.13, 5), (0.85, -10), (1.13, 0), (1.06, 0)]",True,img5,img3
1578.789,1581.073,1,3,"[(0.98, 10), (0.84, 0), (1.19, 5), (0.86, 10)]",True,img2,img9
1581.768,1583.856,2,0,"[(0.81, 5), (1.17, -10), (1.0, -5), (1.18, 10)]",True,img3,img7
1584.787,1585.746,1,2,"[(1.16, -5), (0.97, 10), (1.19, -10), (1.07, 5)]",True,img1,img5
1588.718,1590.623,1,2,"[(0.82, -5), (0.94, 0), (0.83, 5), (0.96, -10)]",True,img4,img2
1591.293,1592.812,5,3,"[(1.01, 5), (1.05, -10), (0.81, 0), (1.1, -10)]",True,img9,img6
1593.387,1595.526,4,1,"[(1.11, 5), (1.02, 0), (1.17, 0), (1.14, -5)]",False,img7,img8
1597.074,1598.991,4,3,"[(0.96, -5), (0.83, -5), (1.07, 5), (1.02, 5)]",True,img5,img9
1601.993,1604.193,5,0,"[(0.87, -5), (1.11, -5), (0.91, 5), (1.03, 10)]",False,img1,img8
1605.76,1607.785,1,1,"[(1.06, -10), (1.08, 5), (1.03, 10), (1.05, -10)]",False,img3,img5
1609.584,1610.243,2,3,"[(0.89, 0), (0.9, -5), (0.97, -5), (1.07, 0)]",True,img9,img3
1610.803,1612.6,4,0,"[(0.99, 10), (0.82, 5), (0.96, 0), (1.19, 10)]",True,img9,img2
1613.585,1615.573,2,3,"[(1.01, 10), (0.89, -10), (0.94, -10), (1.04, 0)]",True,img6,img3
1616.419,1617.783,1,1,"[(0.8, 0), (0.89, 10), (1.15, 5), (0.83, 5)]",True,img4,img5
1618.878,1621.256,1,1,"[(0.83, 5), (1.16, -5), (0.97, -10), (1.04, -10)]",False,img2,img1
1625.645,1627.094,1,1,"[(1.0, 10), (0.91, 10), (1.16, 10), (1.06, 0)]",False,img8,img3
1628.674,1628.949,2,3,"[(0.98, 5), (1.03, 0), (1.07, -5), (1.08, -10)]",True,img2,img7
1634.083,1635.917,5,3,"[(1.1, 0), (0.86, 0), (1.11, 10), (1.07, 0)]",True,img3,img2
1637.521,1638.772,5,0,"[(0.95, 10), (1.0, 0), (1.06, -10), (0.93, -10)]",True,img3,img4
1644.206,1646.366,4,0,"[(0.89, 0), (0.96, 5), (0.86, -5), (1.07, 5)]",True,img3,img4
1647.291,1649.783,2,0,"[(1.01, -5), (0.81, 5), (1.01, 10), (1.05, -10)]",False,img8,img4
1654.173,1654.946,2,3,"[(0.95, -10), (0.93, 10), (1.11, -5), (0.91, -10)]",False,img6,img10
1656.536,1656.807,2,3,"[(0.99, -5), (1.01, 10), (1.08, 10), (1.19, 5)]",False,img2,img1
1658.385,1659.885,4,3,"[(1.18, 0), (1.06, -5), (0.84, 5), (0.95, 5)]",True,img3,img10
1660.636,1663.183,1,0,"[(0.89, -5), (1.04, 5), (0.95, 10), (1.07, 10)]",True,img3,img6
1664.117,1665.677,4,1,"[(0.96, -10), (0.85, 10), (0.82, 5), (1.0, 10)]",True,img5,img1
1666.603,1667.619,1,0,"[(0.84, -10), (0.88, 5), (0.82, 5), (1.13, 0)]",False,img10,img9
1669.193,1671.704,2,1,"[(1.15, -10), (1.09, 5), (1.2, -10), (0.97, 0)]",False,img9,img7
1673.272,1674.528,4,2,"[(1.04, 0), (0.82, 0), (1.04, 0), (1.17, -5)]",True,img8,img4
1675.365,1676.599,5,1,"[(0.84, -5), (0.82, 0), (0.81, -5), (1.04, -10)]",True,img6,img9
1677.195,1678.422,5,1,"[(1.07, 0), (0.84, 0), (0.98, 5), (1.0, -5)]",True,img9,img10
1679.637,1681.039,4,1,"[(1.03, -5), (0.81, -10), (1.06, -5), (0.88, 5)]",False,img10,img8
1682.615,1684.807,4,0,"[(1.11, 0), (1.03, 5), (1.16, 0), (0.94, 10)]",False,img6,img1
1686.48,1688.151,4,2,"[(1.12, -5), (1.11, 0), (1.09, 0), (1.03, -5)]",False,img1,img4
1689.724,1691.332,5,3,"[(0.88, 0), (0.97, 0), (0.91, 5), (1.14, -10)]",True,img4,img10
1696.194,1697.391,1,2,"[(0.96, 0), (0.98, -5), (1.1, 5), (0.88, 0)]",True,img4,img10
1698.452,1699.433,1,2,"[(0.82, 0), (1.01, 5), (1.19, -5), (1.02, -10)]",False,img10,img7
1701.561,1702.353,2,2,"[(1.19, -10), (0.89, 10), (1.0, 0), (0.92, 0)]",True,img7,img10
1702.957,1704.309,5,3,"[(1.18, -10), (1.12, 5), (0.87, 0), (0.88, 10)]",True,img4,img1
1705.403,1707.784,1,3,"[(1.03, -10), (0.98, 5), (1.07, -5), (0.99, -10)]",False,img5,img10
1709.752,1711.141,1,0,"[(0.91, 0), (0.82, 0), (0.88, 5), (0.86, -5)]",False,img3,img2
1712.694,1714.717,1,2,"[(1.01, 5), (0.86, -10), (0.97, -5), (1.11, 5)]",False,img2,img3
1716.301,1717.471,2,3,"[(1.04, -5), (1.02, -5), (1.16, 0), (1.01, 10)]",True,img1,img7
1718.778,1720.655,4,3,"[(0.85, 0), (1.03, 5), (1.17, -5), (1.04, 0)]",True,img10,img1
1721.212,1723.121,4,2,"[(0.92, 10), (0.91, 0), (1.01, 0), (0.86, 5)]",True,img7,img9
1723.725,1725.005,1,0,"[(1.08, 0), (1.05, 0), (1.12, -10), (0.83, 5)]",True,img6,img5
1726.035,1727.277,2,1,"[(1.16, -5), (1.13, -10), (0.85, -10), (0.83, -5)]",True,img1,img10
1728.331,1729.021,5,3,"[(0.84, 0), (1.16, -5), (0.94, -10), (0.96, -5)]",True,img3,img1
1729.589,1730.994,2,3,"[(0.81, -10), (0.94, 10), (0.85, -10), (0.95, 0)]",True,img5,img7
1732.046,1734.661,1,1,"[(1.15, -10), (0.87, 5), (1.1, -5), (0.9, -10)]",True,img4,img7
1735.395,1736.696,4,1,"[(0.86, -10), (1.0, -5), (0.98, 5), (0.9, -10)]",False,img10,img7
1738.253,1739.449,2,3,"[(1.13, -10), (0.82, -10), (0.9, 10), (1.14, 10)]",False,img9,img6
1740.999,1742.342,4,0,"[(1.17, -5), (0.91, -10), (0.92, -5), (1.05, -5)]",True,img9,img6
1742.911,1744.146,5,1,"[(1.0, -5), (1.04, -10), (0.87, -10), (1.1, 10)]",True,img5,img10
1745.412,1747.172,5,2,"[(0.99, 10), (0.83, -10), (1.17, 0), (0.98, -5)]",True,img10,img4
1751.071,1752.809,4,0,"[(0.94, 10), (1.15, -5), (1.1, 5), (1.14, -10)]",False,img6,img3
1754.384,1756.058,4,3,"[(0.94, 5), (0.88, 0), (1.2, -5), (0.86, -5)]",True,img8,img6
1756.62,1758.045,1,2,"[(1.01, 0), (1.09, 10), (0.81, -5), (0.84, 5)]",False,img10,img4
1759.608,1761.363,5,0,"[(0.83, -5), (0.82, 10), (1.11, 5), (0.97, 5)]",True,img10,img7
1762.179,1762.925,5,3,"[(1.08, 5), (0.85, 5), (0.98, 10), (1.02, 0)]",True,img7,img2
1763.905,1763.934,1,3,"[(1.05, -10), (0.85, -5), (1.13, -5), (1.19, 5)]",False,img1,img2
1765.501,1767.107,4,0,"[(0.92, -5), (0.94, -5), (1.14, 0), (0.93, -5)]",False,img2,img3
1769.536,1771.171,2,2,"[(0.93, -10), (1.13, -10), (1.12, 10), (1.02, 10)]",True,img7,img1
1771.92,1773.949,2,0,"[(1.1, 0), (0.87, 10), (0.81, 0), (1.11, -5)]",True,img5,img9
1774.912,1775.96,4,0,"[(0.94, 0), (1.05, 0), (0.82, 0), (0.81, -5)]",True,img4,img9
1776.953,1777.386,5,3,"[(0.93, 10), (0.84, -10), (1.12, 0), (1.09, -5)]",True,img8,img3
1778.991,1780.648,5,3,"[(1.18, 10), (0.83, 5), (0.89, -5), (0.95, 0)]",True,img9,img5
1781.219,1783.34,2,0,"[(0.86, -10), (0.88, 10), (1.14, -5), (1.0, -5)]",False,img6,img2
1784.918,1785.98,2,2,"[(0.92, 10), (0.92, -10), (1.0, 0), (0.9, -10)]",True,img10,img2
1786.763,1787.698,4,1,"[(0.9, -10), (1.0, -10), (1.01, 10), (0.96, 10)]",True,img8,img2
1789.154,1790.749,4,3,"[(0.8, 0), (0.89, 0), (0.84, 5), (1.19, -5)]",True,img3,img7
1791.601,1793.337,5,0,"[(0.9, 10), (1.03, 5), (0.97, -5), (0.97, -5)]",True,img10,img8
1794.603,1796.561,5,0,"[(0.8, -5), (0.83, -5), (1.06, -5), (1.14, 5)]",True,img10,img9
1799.632,1800.92,2,2,"[(1.03, -10), (1.14, 0), (1.11, 5), (0.91, -5)]",True,img10,img9
1801.487,1803.31,2,2,"[(0.88, 0), (0.83, -10), (1.1, 5), (0.9, -10)]",True,img9,img2
1803.872,1804.8,5,1,"[(1.17, -5), (1.2, 5), (1.05, 0), (0.83, 0)]",True,img3,img8
1805.638,1806.858,5,1,"[(1.07, 0), (1.08, 0), (1.05, -10), (1.15, 5)]",False,img2,img4
1808.43,1810.948,4,1,"[(1.12, -10), (0.94, -5), (1.12, 10), (0.82, 0)]",True,img1,img8
1811.589,1812.835,2,1,"[(1.07, -5), (0.95, 0), (0.91, -5), (0.97, -5)]",True,img4,img10
1813.815,1816.06,4,1,"[(1.14, 10), (1.19, 10), (0.81, -10), (1.19, -5)]",False,img6,img8
1817.623,1818.948,5,0,"[(0.84, 0), (1.15, -10), (1.09, -5), (1.11, -5)]",True,img5,img9
1819.908,1821.636,2,1,"[(1.01, 5), (1.01, 10), (0.86, 5), (0.9, -10)]",False,img5,img1
1823.21,1824.036,4,3,"[(0.82, -10), (1.18, -10), (1.18, -10), (0.94, 0)]",False,img6,img9
1825.594,1827.349,4,0,"[(1.06, -5), (0.82, -5), (1.0, -10), (0.89, -10)]",True,img5,img4
1828.729,1830.75,1,1,"[(1.02, -5), (0.97, 10), (0.99, 10), (0.94, -10)]",True,img9,img8
1834.074,1834.55,1,1,"[(0.84, 5), (1.18, 5), (1.08, 5), (1.04, 10)]",True,img3,img7
1835.523,1837.764,1,2,"[(0.88, 5), (1.05, -10), (0.95, 10), (0.96, -5)]",True,img5,img1
1838.48,1839.98,5,3,"[(1.17, 0), (0.88, 10), (0.86, 0), (0.84, 5)]",True,img10,img1
1840.776,1842.433,5,2,"[(1.13, 5), (1.17, 10), (0.84, -10), (1.03, 5)]",False,img2,img5
1843.992,1845.957,4,1,"[(1.2, 10), (0.8, 0), (0.81, 5), (0.89, 10)]",True,img8,img10
1846.918,1849.115,2,1,"[(1.04, 10), (1.19, 0), (0.92, 0), (0.87, -5)]",True,img10,img5
1850.318,1852.624,2,3,"[(0.82, -5), (0.86, -10), (0.89, 0), (1.06, 0)]",False,img7,img9
1854.193,1855.584,1,0,"[(0.98, 5), (0.89, -5), (0.9, 5), (0.92, 10)]",False,img6,img3
1857.149,1858.626,1,3,"[(0.8, 10), (0.98, 10), (1.0, -10), (0.98, 5)]",True,img8,img4
1859.595,1860.838,5,3,"[(1.19, 0), (1.02, 10), (0.96, 10), (0.85, -5)]",True,img4,img8
1861.782,1863.184,2,0,"[(1.08, -10), (1.04, 0), (1.14, 10), (1.16, 0)]",True,img5,img4
1864.451,1865.443,5,0,"[(1.08, -5), (0.87, -10), (1.13, 10), (0.86, 5)]",True,img6,img5
1866.452,1868.211,5,0,"[(0.85, -5), (0.82, -5), (1.19, 5), (1.03, 0)]",True,img1,img3
1869.094,1870.889,4,1,"[(1.1, 0), (0.98, 0), (0.93, 10), (1.13, 10)]",True,img4,img5
1871.824,1873.73,4,3,"[(0.98, -5), (0.95, 10), (1.16, -10), (1.04, 0)]",False,img9,img1
1875.297,1876.957,1,0,"[(0.9, 5), (0.82, 0), (1.09, -10), (1.05, -10)]",False,img6,img7
1878.551,1880.598,2,3,"[(0.8, 10), (0.82, 10), (0.93, -10), (0.99, 10)]",True,img4,img9
1881.184,1882.81,5,0,"[(1.01, -10), (1.18, 0), (1.05, -10), (1.15, -10)]",False,img8,img1
1884.383,1886.119,4,2,"[(1.06, 10), (0.95, -5), (1.18, 5), (1.03, -10)]",True,img5,img7
1886.69,1888.158,1,3,"[(0.97, 10), (1.14, 10), (0.96, 0), (1.08, -10)]",False,img7,img8
1890.171,1891.253,2,0,"[(1.14, -5), (1.01, -5), (0.89, 10), (0.93, -5)]",True,img1,img4
1892.141,1893.368,4,1,"[(1.05, 0), (0.97, 5), (0.97, -5), (0.92, 5)]",True,img2,img7
1894.56,1895.96,4,0,"[(0.89, 0), (0.96, 10), (0.97, 0), (0.96, 0)]",True,img1,img3
1896.861,1898.921,4,3,"[(1.14, 0), (1.04, 5), (1.13, -5), (1.15, -10)]",False,img1,img7
1900.871,1902.4,4,2,"[(0.82, -10), (0.83, 5), (1.19, -10), (0.89, 5)]",True,img6,img4
1903.009,1905.693,4,0,"[(1.1, -10), (0.98, -10), (1.13, -5), (1.11, 5)]",True,img9,img5
1906.382,1908.382,4,1,"[(1.16, 0), (0.89, 10), (0.95, 0), (1.09, -10)]",False,img4,img7
1909.974,1910.628,1,3,"[(0.89, -10), (0.85, 0), (1.15, -5), (1.09, 0)]",False,img1,img8
1912.18,1913.104,5,2,"[(1.17, 5), (1.16, -10), (1.0, 0), (1.14, 5)]",True,img3,img6
1913.92,1915.847,2,0,"[(0.97, -10), (1.14, 5), (0.83, 5), (1.12, 5)]",False,img9,img8
1917.41,1919.82,5,1,"[(1.05, 5), (1.09, 5), (0.81, -10), (0.82, -10)]",True,img5,img4
1920.723,1922.804,1,0,"[(0.88, 10), (0.85, 5), (1.15, 0), (1.07, 5)]",True,img7,img4
1923.54,1924.743,4,1,"[(0.96, 5), (0.95, 0), (1.18, -10), (0.8, 10)]",False,img5,img6
1926.658,1928.857,5,3,"[(1.04, 10), (0.92, 10), (0.98, -5), (1.1, 10)]",True,img5,img7
1929.437,1931.652,5,1,"[(1.13, -5), (1.05, 5), (0.86, 10), (1.09, -5)]",True,img4,img2
1932.229,1933.293,5,3,"[(0.81, 0), (0.89, 10), (0.8, 0), (0.92, -5)]",True,img9,img8
1935.736,1937.443,1,2,"[(0.82, -10), (0.81, -10), (0.84, 10), (1.07, 0)]",True,img10,img5
1938.011,1940.381,2,0,"[(0.91, 10), (1.16, 0), (0.96, 0), (0.82, 10)]",True,img2,img8
1941.481,1943.453,1,1,"[(0.96, 5), (1.04, -5), (1.0, -5), (0.84, 10)]",False,img2,img5
1945.031,1947.436,1,3,"[(0.88, 10), (0.87, -5), (0.83, -5), (1.11, 0)]",False,img9,img10
1952.071,1953.315,4,1,"[(0.99, 0), (0.99, -5), (1.04, 0), (1.14, 5)]",True,img4,img8
1954.591,1955.839,2,2,"[(1.08, -5), (1.19, 10), (0.85, 0), (1.04, 5)]",True,img3,img9
1956.395,1957.781,2,1,"[(0.87, 10), (1.0, 10), (1.19, 10), (0.93, 10)]",True,img2,img10
1958.667,1959.841,1,2,"[(1.14, 0), (1.14, 0), (0.98, -10), (0.9, 0)]",True,img1,img3
1960.56,1961.673,2,2,"[(0.93, -10), (0.82, -5), (1.17, -10), (1.07, 10)]",True,img1,img5
1962.247,1964.264,5,2,"[(0.84, 0), (0.88, 10), (0.86, -10), (0.97, -5)]",True,img10,img2
1965.15,1966.809,5,1,"[(0.91, -10), (1.04, 5), (0.86, -5), (0.83, 10)]",True,img6,img4
1967.368,1969.114,1,2,"[(0.95, -5), (1.14, -10), (1.11, 0), (1.05, 10)]",True,img10,img3
1969.697,1970.689,1,0,"[(1.18, 10), (1.15, -5), (0.96, 5), (1.19, -5)]",True,img1,img10
1971.64,1973.418,2,0,"[(0.95, 5), (1.02, 10), (0.97, -10), (1.04, 0)]",True,img7,img3
1974.712,1975.624,5,3,"[(0.93, -5), (1.03, 0), (0.95, -5), (0.8, 0)]",True,img7,img10
1976.177,1977.7,1,0,"[(1.13, 0), (1.01, -10), (1.12, -5), (0.9, -10)]",True,img4,img9
1978.624,1980.124,5,3,"[(1.19, -10), (0.84, 10), (0.99, 10), (1.14, -5)]",True,img5,img2
1983.199,1985.023,1,3,"[(0.95, -10), (1.13, -10), (1.0, 0), (0.91, 5)]",True,img10,img8
1985.667,1986.479,5,2,"[(1.1, -5), (1.06, -5), (0.84, 5), (1.02, 10)]",True,img6,img7
1987.046,1988.613,1,1,"[(0.92, 10), (1.02, 5), (0.97, -10), (0.97, -10)]",True,img8,img6
1994.086,1995.928,2,2,"[(0.92, 5), (1.03, 5), (0.91, 0), (1.12, 5)]",False,img6,img8
1997.498,1997.963,2,3,"[(1.16, 5), (0.8, 0), (1.06, 0), (1.06, 0)]",False,img3,img2
2007.582,2009.712,1,2,"[(0.97, 0), (0.87, 5), (0.86, 5), (1.18, 5)]",True,img4,img8
2010.655,2012.953,2,2,"[(1.01, -5), (0.88, -5), (0.91, 0), (0.98, -5)]",True,img7,img4
2013.866,2013.886,4,3,"[(1.11, 10), (1.03, -10), (1.14, 10), (1.17, -5)]",False,img2,img5
2015.449,2017.852,4,0,"[(1.09, 0), (1.14, 5), (1.07, -10), (0.95, 0)]",True,img1,img10
2018.777,2020.45,4,2,"[(1.03, -10), (1.0, 5), (0.81, -5), (1.19, -5)]",True,img10,img5
2021.007,2022.325,1,2,"[(1.16, -5), (0.96, 10), (1.17, -10), (1.15, 0)]",False,img10,img6
2026.867,2027.838,2,0,"[(1.13, 5), (1.03, 5), (1.06, -10), (1.03, 10)]",True,img6,img1
2028.394,2029.752,4,2,"[(0.8, 5), (0.83, -5), (0.99, 10), (0.83, -5)]",True,img8,img1
2030.588,2032.057,2,2,"[(1.14, 10), (1.09, 5), (1.17, 5), (0.92, 10)]",True,img3,img8
2032.609,2034.316,2,0,"[(1.08, -5), (0.96, 0), (1.09, -10), (1.19, 5)]",True,img2,img4
2035.005,2036.023,2,2,"[(1.01, 10), (0.91, -5), (0.89, -5), (0.81, 10)]",True,img10,img8
2036.573,2037.316,5,1,"[(0.99, 0), (1.1, 0), (1.01, 10), (0.93, 5)]",False,img8,img4
2038.914,2040.479,5,1,"[(1.15, 10), (0.99, -5), (0.96, 10), (0.99, 0)]",True,img9,img2
2041.298,2043.156,2,1,"[(1.05, -10), (1.07, 10), (1.01, 10), (1.19, -5)]",True,img1,img6
2044.107,2045.06,4,2,"[(0.9, 5), (1.2, -10), (1.0, 0), (0.99, -10)]",True,img7,img2
2045.624,2046.388,1,0,"[(1.02, -5), (0.83, 10), (0.81, -10), (0.94, -10)]",False,img3,img9
2047.973,2049.054,4,1,"[(1.02, -5), (0.87, 10), (0.81, 0), (0.9, 10)]",True,img10,img4
2049.958,2049.991,5,1,"[(0.97, 0), (1.16, 0), (0.85, -5), (0.86, -10)]",False,img4,img7
2051.573,2052.725,1,0,"[(1.06, -5), (1.07, -10), (0.93, -10), (0.95, -5)]",False,img5,img2
2057.81,2058.601,5,2,"[(1.03, 10), (0.97, -10), (1.04, 10), (0.88, 5)]",False,img6,img10
2060.168,2061.272,5,2,"[(0.82, 5), (1.06, 0), (0.98, -10), (1.17, -5)]",True,img6,img3
2062.045,2062.068,5,3,"[(0.83, -10), (0.96, 10), (0.85, -5), (1.17, -5)]",True,img1,img7
2062.638,2063.729,5,1,"[(1.17, 5), (0.85, 0), (1.09, 10), (0.85, -5)]",True,img8,img7
2064.699,2066.85,4,3,"[(1.14, -10), (0.96, -5), (0.97, 10), (0.85, 5)]",True,img2,img4
2067.892,2069.385,5,0,"[(1.01, -5), (0.81, -10), (1.11, -10), (0.87, -10)]",True,img8,img10
2069.962,2071.188,1,0,"[(0.98, -10), (0.88, 10), (1.02, 10), (0.88, 5)]",True,img6,img9
2071.748,2074.232,4,1,"[(1.02, 0), (0.97, 0), (1.01, -5), (0.85, -10)]",False,img7,img4
2075.787,2077.356,5,0,"[(1.04, 10), (1.17, -10), (1.02, -5), (0.93, -10)]",True,img3,img5
2078.272,2079.685,2,0,"[(0.84, -10), (1.0, -10), (1.14, 10), (0.84, 10)]",True,img7,img5
2083.553,2084.426,5,0,"[(0.88, 10), (1.02, 5), (1.09, 5), (1.2, -10)]",True,img2,img9
2085.238,2087.04,5,1,"[(0.84, -10), (0.81, -10), (1.14, 0), (0.89, -5)]",True,img6,img2
2087.968,2089.068,2,2,"[(0.93, -5), (0.85, -5), (1.05, 0), (0.91, -10)]",False,img6,img9
2090.664,2092.039,5,1,"[(1.03, 10), (0.8, 10), (0.87, -10), (1.08, 10)]",True,img2,img1
2101.327,2103.311,4,3,"[(1.09, 0), (1.02, 10), (1.05, -10), (1.1, 10)]",False,img6,img2
2104.903,2106.373,4,2,"[(1.12, 5), (1.17, 10), (0.93, 0), (1.05, -10)]",True,img5,img8
2106.957,2109.153,2,1,"[(1.13, -10), (1.18, -10), (0.88, 10), (0.9, 0)]",True,img10,img7
2110.103,2111.774,2,0,"[(1.04, 0), (1.06, -10), (1.03, 0), (0.97, -5)]",True,img5,img2
2114.87,2116.558,5,3,"[(1.12, -10), (1.07, 5), (1.16, -5), (0.96, 10)]",True,img2,img8
2117.118,2119.274,4,3,"[(0.95, -10), (1.06, 10), (0.92, -10), (0.85, 0)]",True,img3,img8
2119.85,2121.375,5,3,"[(1.11, 5), (0.88, 10), (0.96, 10), (1.11, -10)]",True,img10,img3
2121.989,2123.961,1,0,"[(0.91, 10), (1.08, -10), (0.82, -10), (0.98, 5)]",False,img8,img10
2125.947,2127.069,2,3,"[(1.19, -5), (0.97, -10), (1.04, -5), (1.12, 0)]",True,img1,img3
2127.639,2128.849,5,2,"[(0.96, -10), (1.18, -5), (0.92, 0), (1.12, -5)]",True,img4,img3
2130.079,2133.057,4,2,"[(0.88, 5), (0.81, 5), (0.87, 5), (0.9, 0)]",False,img10,img3
2135.053,2136.706,2,3,"[(0.95, 0), (0.88, 10), (0.91, 10), (0.93, 5)]",True,img8,img10
2140.692,2142.396,4,1,"[(1.12, 0), (1.02, -5), (1.03, 5), (0.85, -10)]",True,img4,img10
2142.968,2143.943,5,0,"[(1.01, 0), (1.04, -10), (1.16, 10), (0.85, 0)]",True,img7,img8
2144.952,2145.887,5,1,"[(1.19, -10), (0.86, -5), (1.04, 10), (0.83, -10)]",True,img7,img4
2146.434,2148.408,1,1,"[(0.8, -10), (0.92, 5), (1.07, -5), (1.03, -10)]",True,img7,img3
2149.291,2151.059,1,3,"[(1.16, 0), (0.83, -10), (1.09, 0), (1.09, 10)]",False,img7,img6
2153.042,2154.279,4,1,"[(1.09, -10), (0.93, -10), (1.12, 10), (1.13, -5)]",True,img2,img10
2154.921,2156.427,1,0,"[(0.91, -10), (1.09, 5), (1.14, 10), (1.14, 10)]",True,img2,img6
2157.425,2159.541,1,3,"[(0.85, 10), (1.08, 10), (1.0, 0), (1.03, -5)]",False,img7,img2
2161.102,2163.664,4,2,"[(1.12, -10), (1.06, 10), (0.88, -10), (0.83, 5)]",False,img2,img8
2165.755,2166.9,4,1,"[(1.18, 0), (0.82, 5), (0.85, 0), (1.12, -10)]",True,img9,img8
2167.958,2170.012,2,0,"[(0.87, 10), (0.93, 0), (1.0, 10), (1.17, -5)]",False,img5,img6
2171.999,2173.427,4,3,"[(0.96, -5), (0.85, -5), (0.95, -5), (0.91, 10)]",False,img10,img2
2175.022,2176.366,5,1,"[(1.04, 5), (1.1, 5), (0.81, 10), (0.84, -10)]",True,img9,img7
2176.972,2179.226,4,1,"[(0.8, 0), (1.01, 0), (0.84, -5), (1.16, 0)]",True,img6,img5
2181.969,2183.724,1,1,"[(0.93, 0), (1.18, 5), (1.04, 10), (0.95, 0)]",True,img1,img9
2184.684,2187.225,1,3,"[(0.86, -10), (1.06, 5), (0.81, 0), (0.81, 10)]",True,img5,img6
2187.81,2189.925,4,1,"[(0.96, 10), (1.05, 5), (1.11, -10), (1.12, 0)]",True,img4,img6
2190.52,2192.545,1,0,"[(0.87, -5), (1.08, 5), (1.05, -5), (0.96, -5)]",True,img9,img7
2193.107,2194.889,2,3,"[(0.99, 10), (0.85, 0), (0.98, -5), (1.05, 5)]",True,img10,img4
2195.469,2196.584,5,2,"[(1.13, 5), (1.08, -10), (1.18, -5), (0.91, -5)]",True,img3,img10
2197.144,2199.214,5,2,"[(1.01, 0), (1.01, -5), (1.17, -5), (0.92, 10)]",True,img8,img6
2199.782,2201.508,4,1,"[(0.93, -10), (0.85, 5), (0.85, 0), (0.97, -10)]",False,img8,img5
2206.086,2208.297,2,0,"[(1.01, -10), (0.95, -10), (0.82, 5), (0.87, 10)]",True,img7,img8
2211.096,2212.275,2,0,"[(1.1, -10), (1.05, 10), (0.93, 0), (0.9, -10)]",True,img5,img3
2213.232,2214.486,2,2,"[(0.99, 10), (0.97, 0), (0.96, 5), (1.14, 5)]",True,img3,img4
2215.08,2216.419,4,2,"[(1.05, -5), (1.04, -10), (1.13, -10), (0.95, 5)]",True,img4,img1
2217.1,2218.53,4,1,"[(0.92, 5), (1.08, -10), (0.85, 5), (0.88, 0)]",True,img9,img4
2219.232,2220.909,1,1,"[(1.09, 10), (1.04, 10), (0.91, 5), (1.15, -10)]",False,img5,img7
2222.509,2223.552,2,0,"[(0.92, 5), (0.98, -5), (1.17, 10), (1.17, 5)]",True,img1,img9
2224.131,2225.699,1,0,"[(0.81, 5), (0.85, -10), (0.86, -10), (1.15, 0)]",True,img8,img7
2226.85,2228.845,4,0,"[(0.93, 10), (0.9, -10), (1.16, 5), (0.87, 10)]",False,img6,img10
2230.846,2232.115,4,1,"[(1.04, -5), (1.01, -10), (1.11, 0), (1.0, -5)]",True,img5,img10
2232.832,2234.557,1,3,"[(1.19, -5), (0.9, -5), (0.91, 10), (0.88, -5)]",True,img6,img10
2235.239,2237.922,1,1,"[(1.16, -10), (0.96, -5), (1.01, 0), (1.16, 10)]",False,img6,img2
2239.495,2240.818,2,1,"[(0.81, 10), (0.95, 0), (0.85, 10), (0.96, -10)]",True,img8,img9
2242.087,2243.223,5,3,"[(0.82, -10), (0.84, -10), (1.09, 0), (1.2, 5)]",False,img10,img5
2244.836,2246.039,2,0,"[(1.11, 5), (1.1, 5), (0.85, 10), (0.96, 0)]",True,img3,img1
2246.62,2249.597,2,0,"[(0.89, 0), (0.82, -10), (1.1, -10), (0.84, 10)]",True,img6,img5
2250.967,2253.762,2,3,"[(0.83, 5), (1.04, 10), (1.12, -10), (0.81, -10)]",False,img4,img6
2255.32,2258.036,2,1,"[(1.18, -10), (1.05, -5), (1.18, 5), (0.97, 0)]",True,img8,img7
2258.724,2258.825,5,3,"[(0.84, 5), (0.9, 0), (1.12, 5), (1.17, 0)]",False,img5,img3
2260.387,2260.423,2,1,"[(0.86, 0), (1.15, 0), (0.96, -10), (0.93, 10)]",False,img10,img3
2261.979,2264.555,5,0,"[(1.14, -10), (1.14, 10), (1.04, 0), (1.16, 10)]",True,img7,img1
2265.487,2267.664,4,2,"[(0.87, 10), (0.85, -10), (1.09, -10), (0.84, -10)]",True,img8,img3
2270.937,2272.173,5,0,"[(0.96, 5), (0.82, 10), (1.16, -10), (0.86, 5)]",True,img3,img9
2272.73,2274.762,5,0,"[(1.06, 10), (1.06, 0), (0.82, -10), (1.06, -10)]",True,img2,img3
2275.86,2277.047,4,3,"[(0.88, -5), (0.98, -5), (1.11, -10), (0.85, 10)]",False,img3,img6
2278.615,2280.139,1,0,"[(1.1, -10), (1.01, -5), (0.9, -10), (1.05, 10)]",True,img2,img4
2280.827,2282.544,1,3,"[(0.89, 5), (0.85, -5), (1.09, 5), (0.94, -10)]",False,img3,img4
2284.544,2285.854,5,0,"[(1.1, 10), (0.83, 0), (0.99, -10), (1.01, -10)]",True,img2,img6
2286.944,2286.974,5,1,"[(0.89, 0), (1.17, 5), (1.08, 5), (1.16, 0)]",False,img1,img5
2293.155,2296.11,2,0,"[(1.11, 5), (0.86, 0), (1.11, 0), (0.93, -5)]",False,img3,img5
2298.65,2300.641,4,0,"[(1.13, 0), (0.94, 10), (1.12, -5), (1.15, -5)]",False,img5,img2
2304.907,2306.824,2,2,"[(1.17, 5), (0.83, -10), (1.08, 0), (0.92, -10)]",True,img9,img4
2307.661,2309.834,2,3,"[(0.96, -5), (1.0, -5), (1.17, -5), (0.92, -10)]",True,img5,img10
2310.395,2311.612,1,0,"[(0.95, -10), (0.96, 5), (0.91, 0), (1.16, 10)]",True,img9,img3
2312.488,2313.359,5,2,"[(0.96, 10), (0.83, 10), (1.0, -5), (1.05, 10)]",True,img6,img1
2314.071,2315.396,1,1,"[(0.88, 5), (0.94, 10), (1.0, 5), (1.13, 0)]",True,img7,img1
2316.058,2317.179,5,2,"[(0.8, 0), (0.93, 5), (0.93, 0), (0.89, -5)]",False,img5,img6
2318.772,2320.079,4,1,"[(0.86, -5), (1.11, 5), (1.07, 10), (1.11, 0)]",True,img7,img3
2320.846,2321.848,5,2,"[(1.02, 5), (0.93, 5), (1.2, 0), (1.11, 5)]",True,img1,img10
2324.866,2326.387,1,3,"[(0.98, -5), (0.81, 0), (0.93, -5), (1.07, 0)]",True,img2,img10
2326.958,2329.579,2,0,"[(0.85, -5), (1.11, 5), (0.92, 0), (1.1, 10)]",False,img8,img2
2331.154,2332.451,1,1,"[(1.15, 10), (1.1, -5), (1.02, -5), (0.96, 0)]",True,img8,img5
2333.429,2335.883,4,0,"[(0.97, 10), (0.96, 5), (0.95, 5), (0.86, 5)]",True,img10,img9
2336.444,2338.211,1,3,"[(1.15, -5), (0.92, 0), (1.14, 10), (1.09, -10)]",True,img9,img6
2339.136,2341.417,2,1,"[(0.91, -5), (1.13, 0), (0.86, -5), (0.83, -5)]",True,img4,img7
2342.11,2343.603,4,0,"[(1.07, 0), (1.05, 5), (1.06, 10), (1.15, 10)]",True,img1,img6
2344.175,2345.465,5,1,"[(1.07, -5), (1.12, 5), (0.87, -10), (1.15, -10)]",True,img7,img9
2346.073,2347.297,2,1,"[(0.85, -5), (1.19, -5), (1.01, -10), (1.04, -5)]",True,img8,img5
2348.197,2349.947,4,2,"[(0.94, -5), (0.89, -5), (0.97, -5), (1.14, -10)]",True,img9,img10
2350.581,2351.966,1,0,"[(0.93, 10), (0.91, -5), (0.84, -5), (0.96, -10)]",True,img6,img1
2356.194,2358.186,5,3,"[(0.88, 10), (1.04, 5), (0.91, -5), (1.18, 5)]",True,img2,img10
2358.814,2360.16,1,3,"[(0.84, -10), (1.0, 10), (0.81, -10), (0.95, 0)]",True,img10,img1
2360.709,2361.445,5,1,"[(0.89, 10), (0.83, 0), (1.1, -5), (0.83, 10)]",True,img8,img9
2362.512,2363.837,2,3,"[(1.15, 10), (1.01, -5), (0.91, -5), (1.19, -5)]",True,img4,img5
2364.425,2365.518,5,2,"[(1.0, 0), (0.95, -5), (0.8, 5), (1.0, -5)]",True,img1,img4
2366.087,2367.991,4,1,"[(0.96, -10), (1.18, 10), (1.16, -5), (0.86, 10)]",True,img7,img10
2368.656,2370.2,1,1,"[(1.13, 5), (0.93, 0), (1.11, 5), (0.92, -5)]",True,img7,img10
2371.401,2372.222,4,0,"[(0.81, -5), (0.98, -5), (1.03, 5), (0.94, 0)]",True,img2,img6
2376.464,2377.748,1,1,"[(0.93, 0), (0.85, 0), (1.07, 10), (1.1, 10)]",True,img4,img1
2378.424,2380.113,4,0,"[(0.9, -10), (1.09, 5), (1.0, 10), (0.9, 5)]",True,img3,img2
2381.025,2382.913,4,0,"[(0.9, 10), (1.2, 10), (1.06, -10), (0.84, 5)]",True,img9,img3
2383.897,2386.207,1,0,"[(1.16, -10), (0.81, 0), (0.88, 0), (0.9, 0)]",False,img2,img7
2387.782,2388.531,1,3,"[(1.04, 0), (0.89, -10), (1.15, 5), (1.0, 5)]",False,img6,img8
2390.578,2391.721,5,2,"[(0.82, 5), (0.96, -5), (1.01, -5), (1.18, 0)]",True,img7,img6
2398.416,2399.926,1,1,"[(0.95, 0), (1.1, -10), (0.92, 10), (1.17, -5)]",True,img4,img3
2400.82,2402.22,2,1,"[(1.13, -10), (1.12, -5), (0.99, 5), (1.12, 5)]",False,img4,img2
2403.796,2405.804,4,2,"[(0.82, 5), (0.82, -5), (1.16, 10), (1.05, -5)]",True,img7,img6
2406.764,2407.964,2,0,"[(0.84, -5), (1.01, -10), (0.82, 5), (0.91, -10)]",True,img10,img6
2408.856,2410.522,5,0,"[(1.02, 10), (1.03, 5), (0.81, 10), (0.82, 5)]",True,img6,img8
2411.455,2412.537,4,2,"[(0.86, -5), (0.91, 10), (1.11, 5), (1.18, 5)]",True,img7,img5
2413.273,2414.673,2,1,"[(0.98, 5), (1.02, 5), (0.98, -10), (0.99, 5)]",True,img10,img1
2418.128,2419.53,1,1,"[(0.98, -10), (1.13, -10), (0.91, -5), (0.96, 10)]",False,img3,img10
2422.632,2422.997,1,1,"[(0.99, 10), (1.2, -5), (1.12, 5), (1.14, -10)]",False,img7,img5
2424.572,2426.914,4,0,"[(0.8, 10), (0.9, 10), (0.96, 5), (0.91, 5)]",False,img6,img7
2428.485,2429.941,1,0,"[(0.96, 10), (0.96, 10), (1.16, 10), (0.88, -5)]",False,img3,img8
2431.599,2432.87,4,1,"[(1.01, 0), (0.85, 0), (0.82, -10), (0.99, 0)]",False,img10,img6
2434.441,2435.594,4,3,"[(0.87, 10), (0.95, 5), (0.92, 0), (0.82, 5)]",False,img8,img9
2437.156,2439.83,1,3,"[(1.0, -5), (1.12, 5), (1.14, -10), (0.94, 5)]",True,img5,img9
2440.394,2441.386,1,1,"[(0.98, 5), (1.01, 5), (1.01, 5), (1.15, 0)]",False,img5,img8
2442.953,2445.559,1,1,"[(1.12, -5), (1.08, -5), (0.93, 5), (1.07, -10)]",False,img2,img8
2447.121,2447.155,5,1,"[(0.94, -5), (1.2, -5), (0.84, 5), (1.05, 5)]",False,img5,img1
2448.729,2450.841,5,3,"[(1.04, 0), (1.09, -10), (1.12, -10), (1.2, 5)]",False,img1,img2
2452.45,2453.769,1,0,"[(1.03, 10), (0.87, -10), (0.93, 0), (0.91, 5)]",True,img9,img5
2454.68,2455.973,1,2,"[(0.94, -10), (1.09, 5), (1.06, -10), (0.97, 0)]",True,img1,img7
2456.56,2458.55,1,1,"[(1.05, 0), (0.89, 0), (1.07, 10), (0.96, -10)]",False,img9,img2
2462.257,2463.529,1,3,"[(0.87, 0), (1.1, 10), (1.06, 5), (1.15, 0)]",True,img8,img9
2464.218,2465.733,2,2,"[(0.89, 5), (0.97, 5), (0.93, -10), (0.92, -5)]",True,img2,img3
2466.288,2468.442,4,0,"[(0.82, 10), (1.06, 5), (0.89, 5), (1.01, 10)]",False,img3,img5
2470.002,2471.537,2,0,"[(0.96, 0), (0.94, -5), (0.93, 0), (0.94, 5)]",True,img7,img6
2472.562,2474.803,2,3,"[(1.0, -10), (1.0, 0), (1.13, 5), (0.99, 10)]",False,img2,img5
2476.364,2477.633,5,2,"[(1.14, -10), (1.18, 0), (1.1, -5), (1.13, 10)]",True,img2,img7
2478.322,2479.957,4,3,"[(0.81, 0), (1.17, 10), (1.01, 10), (0.93, 0)]",True,img2,img1
2485.073,2486.842,4,3,"[(0.98, -10), (0.84, -5), (1.02, -10), (1.02, -10)]",True,img1,img2
2487.477,2488.742,4,2,"[(1.04, -10), (0.84, -10), (0.98, -5), (0.91, -5)]",True,img1,img9
2491.766,2492.771,4,3,"[(0.91, 0), (0.88, 10), (0.97, -10), (0.97, 10)]",False,img4,img2
2498.45,2499.924,5,2,"[(0.85, -5), (0.91, 10), (0.92, 10), (1.16, 0)]",True,img4,img6
2500.813,2502.01,2,2,"[(1.02, -10), (1.03, -10), (1.11, 5), (1.04, 10)]",False,img9,img5
2503.591,2504.664,5,3,"[(0.98, -5), (1.14, 0), (0.94, 10), (1.08, 10)]",True,img7,img5
2505.329,2506.403,5,0,"[(0.9, -10), (1.03, 5), (1.18, -10), (1.04, -10)]",True,img9,img1
2507.469,2508.394,1,2,"[(1.17, 0), (1.09, 5), (1.19, 10), (1.16, 5)]",True,img9,img1
2509.104,2511.237,4,2,"[(0.97, -10), (1.16, 0), (0.94, 0), (1.0, 10)]",False,img3,img1
2512.815,2513.543,4,3,"[(1.11, 10), (0.84, 10), (1.01, 5), (1.13, -10)]",False,img7,img1
2515.121,2516.707,5,2,"[(0.83, -5), (1.16, -10), (1.07, -5), (0.85, 10)]",True,img5,img8
2517.28,2518.766,1,3,"[(0.83, -5), (0.82, 0), (1.18, 5), (0.94, 0)]",True,img4,img6
2519.669,2520.716,5,3,"[(1.06, 10), (0.97, -10), (0.95, -5), (1.04, -5)]",True,img1,img6
2521.303,2522.747,2,1,"[(0.93, -5), (1.03, 0), (0.96, 10), (0.87, -5)]",False,img4,img3
2524.337,2525.96,2,1,"[(0.95, -10), (1.14, 5), (1.03, 0), (0.84, 10)]",False,img7,img2
2527.527,2528.876,5,2,"[(1.02, -10), (0.84, -10), (1.17, 10), (0.9, 5)]",True,img7,img3
2529.442,2530.956,4,0,"[(1.09, -5), (1.11, 10), (0.9, 0), (0.97, 10)]",True,img2,img9
2532.063,2533.391,2,1,"[(0.97, 10), (0.82, -5), (1.1, 0), (1.07, 5)]",True,img4,img1
2533.971,2535.272,5,1,"[(0.97, -5), (0.98, -10), (1.06, -10), (1.09, 5)]",True,img3,img7
2535.837,2537.193,2,0,"[(0.81, 10), (1.0, 5), (1.14, 0), (0.91, -10)]",True,img4,img8
2538.171,2539.161,1,0,"[(1.11, -5), (1.13, 10), (1.16, -10), (1.2, -5)]",True,img6,img4
2539.799,2541.211,2,0,"[(1.03, -5), (0.88, 10), (0.88, 5), (0.81, 5)]",True,img8,img6
2542.227,2544.31,4,0,"[(1.1, 5), (0.98, 10), (0.9, 0), (1.13, 5)]",True,img1,img5
2545.271,2546.404,2,3,"[(1.13, -5), (1.12, -10), (1.15, 0), (0.99, 0)]",True,img6,img7
2546.984,2548.322,2,0,"[(0.89, 5), (1.14, -5), (1.12, 0), (1.08, 10)]",True,img1,img2
2548.905,2550.445,4,1,"[(0.94, -5), (1.18, 10), (1.1, 0), (1.16, 10)]",False,img8,img7
2552.031,2553.679,1,0,"[(0.97, -5), (1.17, -10), (0.86, -10), (1.11, 5)]",True,img8,img2
2554.31,2555.807,1,1,"[(0.85, -10), (0.92, 10), (1.18, 10), (1.03, -5)]",True,img1,img6
2556.85,2558.102,5,2,"[(0.98, -5), (0.96, 5), (1.16, 10), (0.95, 10)]",True,img9,img4
2558.716,2560.836,5,1,"[(1.19, 5), (0.96, 0), (0.97, -10), (0.91, 10)]",True,img8,img2
2561.395,2563.405,1,1,"[(0.82, 0), (1.03, -10), (1.07, -10), (0.98, 5)]",True,img9,img4
2564.139,2565.319,2,0,"[(1.12, -10), (0.98, -5), (0.83, 10), (1.06, 5)]",True,img3,img6
2568.684,2569.473,5,0,"[(1.11, 5), (1.13, 5), (0.95, -5), (1.18, 10)]",True,img4,img9
2570.326,2571.452,2,0,"[(1.07, 10), (0.9, -10), (0.9, 0), (1.03, 10)]",True,img3,img10
2572.556,2573.714,2,1,"[(1.09, 10), (1.02, 5), (1.05, 10), (1.1, -10)]",True,img8,img1
2574.476,2575.893,2,1,"[(1.01, -5), (0.99, 5), (0.83, 0), (0.95, 5)]",False,img8,img3
2578.216,2580.068,5,0,"[(0.94, -5), (0.98, 5), (1.2, -10), (1.06, -10)]",True,img8,img5
2580.62,2582.928,1,0,"[(1.15, -5), (0.91, 5), (1.11, -5), (0.9, 5)]",True,img5,img3
2583.512,2584.582,1,1,"[(1.14, 5), (1.08, 5), (1.03, -10), (1.02, 0)]",True,img8,img1
2587.207,2588.9,1,0,"[(0.81, -5), (0.83, 10), (1.15, 10), (1.19, -5)]",False,img5,img4
2590.457,2592.431,2,1,"[(1.03, 10), (0.95, 10), (0.87, -10), (0.81, -10)]",True,img6,img4
2593.005,2594.442,1,0,"[(0.98, 0), (1.19, 10), (1.02, 10), (0.98, 5)]",False,img3,img1
2596.024,2597.873,2,1,"[(1.12, -5), (1.13, -5), (1.03, 10), (0.96, 5)]",False,img2,img9
2599.888,2602.089,4,2,"[(0.98, -5), (0.91, -10), (1.15, -5), (1.09, 10)]",True,img4,img3
2602.714,2604.796,1,3,"[(1.19, -5), (1.04, -10), (0.87, -10), (0.92, 5)]",True,img1,img4
2605.391,2607.15,2,0,"[(0.9, 5), (0.92, -5), (1.08, -5), (0.81, 0)]",True,img5,img8
2607.722,2608.807,5,3,"[(1.14, 0), (1.15, 5), (0.83, 5), (0.95, 10)]",True,img1,img9
2609.603,2611.015,2,3,"[(1.01, 0), (0.96, 0), (0.85, 10), (1.1, -10)]",True,img9,img1
2612.266,2613.394,5,1,"[(1.18, 5), (1.17, 0), (1.07, -5), (1.08, 10)]",True,img4,img5
2616.04,2616.987,5,2,"[(0.87, 0), (0.84, -5), (1.17, -10), (0.89, -10)]",True,img10,img6
2618.193,2620.06,5,2,"[(1.01, 5), (1.1, 0), (0.85, -5), (1.17, -10)]",False,img9,img3
2624.167,2624.746,4,2,"[(0.84, -5), (0.8, 0), (0.9, 10), (1.13, -5)]",False,img9,img7
2626.706,2627.998,4,0,"[(0.82, -10), (0.91, 5), (0.91, 5), (1.14, 0)]",False,img3,img9
2629.586,2630.808,2,3,"[(0.95, 5), (1.1, -10), (0.96, -5), (1.1, 5)]",True,img1,img8
2632.409,2633.841,5,2,"[(0.91, -10), (0.97, 5), (0.97, -5), (1.06, 0)]",True,img1,img10
2634.449,2635.632,1,0,"[(1.03, 5), (1.1, 0), (0.94, 5), (1.07, 0)]",False,img2,img1
2637.208,2639.154,4,1,"[(0.99, 10), (1.03, 0), (1.02, -10), (0.93, -5)]",True,img3,img8
2639.725,2641.59,2,2,"[(1.17, 10), (0.83, 5), (0.99, 0), (1.07, 0)]",False,img3,img2
2643.167,2644.326,5,2,"[(1.04, 0), (1.03, 10), (1.02, -5), (1.13, -5)]",True,img5,img7
2644.941,2645.926,1,1,"[(0.85, 10), (1.11, 5), (0.97, -5), (1.05, -5)]",False,img7,img10
2652.072,2653.72,4,3,"[(0.96, 5), (1.0, -10), (0.87, 0), (0.93, -10)]",True,img3,img2
2654.414,2656.4,4,1,"[(0.9, 10), (1.09, -5), (1.15, -10), (1.17, 5)]",False,img7,img9
